github.com/grpc-ecosystem/grpc-gateway/v2@v2.29.0	source-header:runtime/pattern.go#1	245eaa90da43a552ab725ffa5cbb89f87f73ccfc68b0be51fb4ffbe6009be7a3
github.com/shirou/gopsutil/v4@v4.26.7	source-header:internal/common/endian.go#2	3aef969f82b3136421f2e033b7c73c32dc5a79850751e19f9081c7085dfd837c
github.com/shirou/gopsutil/v4@v4.26.7	supplemental:ntgo-LICENSE.txt	fa92e73eadb684fd08a7b6d7cfa995129acbb42b0f286a134f0f4c607a9db002
github.com/shirou/gopsutil/v4@v4.26.7	supplemental:ntgo-source-notice.txt	8edb93ed37205083efeb76cb2fcb1a43c46d17ed8b180ca6693d9d32296306e4
github.com/x448/float16@v0.8.4	source-header:float16.go#2	78ccf3f8db7542088bb6f300dc9741fc82380ff0255169e852f815e9ba59e8a6
github.com/x448/float16@v0.8.4	supplemental:half-rs-LICENSE-MIT.txt	02f1e4709f1c03c99e2cb4de81f694cc41fb26acc14c0e6f3ee74a4852f0e4e8
github.com/x448/float16@v0.8.4	supplemental:half-rs-provenance.txt	829496a3477f967675ddf5e12a39df91d3a9a5723a10e0b8650530c68331e310
gonum.org/v1/gonum@v0.17.0	THIRD_PARTY_LICENSES/Cephes-LICENSE	aec748e1a0450cad63a27d19af58754df0bf20b90bc4472a873e88eb29b53afb
gonum.org/v1/gonum@v0.17.0	THIRD_PARTY_LICENSES/Go-LICENSE	2d36597f7117c38b006835ae7f537487207d8ec407aa9d9980794b2030cbc067
gonum.org/v1/gonum@v0.17.0	source-header:internal/cmplx64/sqrt.go#3	2893977d9c52c29b61d86c6cca5492f53895be8dfd598228ffdcbc3fff5bbae7
gonum.org/v1/gonum@v0.17.0	source-header:mat/cholesky.go#2	ecdefb4690f61ba875747ed10b802692a14a04657e6caa79642b1e84e34cd5ba
gonum.org/v1/gonum@v0.17.0	supplemental:LINPACK.txt	96b2548659f6bc12082f523a99c81a143cf3377265215b9d701aed36b983d860
stdlib@go1.26.8	source-header:src/crypto/internal/fips140/edwards25519/scalar.go#2	d63eafda50d8ef034c574babbd3348a4f8bb6995d692a56b2fee6fca0f15f10b
stdlib@go1.26.8	source-header:src/go/doc/example.go#2	b5d64fa5d1df02f711a599d278aa39b993fd0ecddd16228409c115e22486858a
stdlib@go1.26.8	source-header:src/go/doc/synopsis.go#2	884479f7b5a094910b2ebbe142aedac55eb77bde063d1b6df4e675541d8f8507
stdlib@go1.26.8	source-header:src/math/acosh.go#2	558003954908d41ed09bcc3daf891cd32994ac9d204c0a1133e0c06339457029
stdlib@go1.26.8	source-header:src/math/asinh.go#2	d2a0d020c35b9e830a694d97ebcfcb506043109080b6ef6bea67c9311c38787d
stdlib@go1.26.8	source-header:src/math/atan.go#2	463e2061abd03c3292bd47abf45a6861fc5658750e90b2fd779dcd7a783d0aa6
stdlib@go1.26.8	source-header:src/math/atanh.go#2	8c6afe834ca6fdf58437bbbe5dda52aa260d78fa5a21130fd8ac9f1bb7bd3801
stdlib@go1.26.8	source-header:src/math/cbrt.go#2	abbc05b6173bb8800201f22499ddda1fd32bf8fd4dac764d14befa911845c365
stdlib@go1.26.8	source-header:src/math/cmplx/asin.go#2	2893977d9c52c29b61d86c6cca5492f53895be8dfd598228ffdcbc3fff5bbae7
stdlib@go1.26.8	source-header:src/math/cmplx/exp.go#2	2893977d9c52c29b61d86c6cca5492f53895be8dfd598228ffdcbc3fff5bbae7
stdlib@go1.26.8	source-header:src/math/cmplx/log.go#2	2893977d9c52c29b61d86c6cca5492f53895be8dfd598228ffdcbc3fff5bbae7
stdlib@go1.26.8	source-header:src/math/cmplx/pow.go#2	2893977d9c52c29b61d86c6cca5492f53895be8dfd598228ffdcbc3fff5bbae7
stdlib@go1.26.8	source-header:src/math/cmplx/sin.go#2	2893977d9c52c29b61d86c6cca5492f53895be8dfd598228ffdcbc3fff5bbae7
stdlib@go1.26.8	source-header:src/math/cmplx/sqrt.go#2	2893977d9c52c29b61d86c6cca5492f53895be8dfd598228ffdcbc3fff5bbae7
stdlib@go1.26.8	source-header:src/math/cmplx/tan.go#2	2893977d9c52c29b61d86c6cca5492f53895be8dfd598228ffdcbc3fff5bbae7
stdlib@go1.26.8	source-header:src/math/erf.go#2	9987944df868ce4dfa0150661a90e835bebcfa3a4a174f3067f3e824050356d3
stdlib@go1.26.8	source-header:src/math/exp.go#2	625af5f087d09398b307a6fd8eb614ad3aff5103d2821b740e331f44d64001a4
stdlib@go1.26.8	source-header:src/math/expm1.go#2	fd22bd65488f4f6038e8fd9c511f420d3c3ea4fb904a72759cf7ee814756740e
stdlib@go1.26.8	source-header:src/math/gamma.go#2	df317bb61b01d40c7801216d8c0bb53a895df489fe2186ce19f4e74117222f35
stdlib@go1.26.8	source-header:src/math/j0.go#2	b7b7aec3918b05e745093324ceb27e213ca43ba4906c4491159d8fb143c1615b
stdlib@go1.26.8	source-header:src/math/j1.go#2	c8ac067fb0e233288914bafb3f7732d253700aca614372ad21dbcca52e4c3303
stdlib@go1.26.8	source-header:src/math/jn.go#2	36d293131ff45b0a0efa706c26e20c65f4a35677569bc039e3c830ab8ce7c0de
stdlib@go1.26.8	source-header:src/math/lgamma.go#2	d8c60c71d695667355f7601da66883f4b5be1e17351fa94fe9a400db772c2f26
stdlib@go1.26.8	source-header:src/math/log.go#2	2b6df576e6ea2bfa77285340430fc3dfdad1b2ce311b798aace7076cd6e7eb8a
stdlib@go1.26.8	source-header:src/math/log1p.go#2	c1c717b7c684c104334a1a64543507eb62e47a042260a09ba2deba69ac1dbc17
stdlib@go1.26.8	source-header:src/math/remainder.go#2	3fa603a2cd535f4b6575f957c264635c0c873627b3b29d767090c12709e59c8b
stdlib@go1.26.8	source-header:src/math/sin.go#2	833858fc3756c1f011688f8470443265b855a1db92579c8667711c5ee18cadba
stdlib@go1.26.8	source-header:src/math/sqrt.go#2	f894acfd6045a7025f8c6e409103c76096b2b8795ef7c2df226e7e079603cdcd
stdlib@go1.26.8	source-header:src/math/tan.go#2	24885ab7b237dc1445d2970a2f41472842e208ebeae06b6b9682e4ac57171489
stdlib@go1.26.8	source-header:src/math/tanh.go#2	35454dbeb436d53995d234ff21baabb3c501ffc091d9a8a18ed90c04e15d682a
